Date,Open,High,Low,Close,Volume,ma_diff,GCDC_times,rsi,BBANDS_upperband,BBANDS_middleband,BBANDS_lowerband,MA_SHORT,MA_LONG,MIDPOINT,MACD_macd,MACD_macdsignal,MACD_macdhist,RSI,STOCH_slowk,STOCH_slowd,STOCHRSI_fastk,STOCHRSI_fastd,OBV,ATR,STDDEV,_CLOSE_PCT_CHANGE,BUYSELL,SimulateAsset,Profit,Coin,JPY,GachihoAsset,GachihoProfit
2021-12-04 21:00:00+09:00,1177.464,1213.203,1177.464,1186.822,48394.3075,-350.1556400000002,12.0,11.6734454455663,70.28686485955495,17.566099999998414,-35.154664859558125,17.566099999998414,367.7217399999995,173.19600000000014,-116.57322491292257,-98.31065207516609,-18.26257283775648,16.06975727125374,38.67689879992627,47.72838331490113,99.7477364509447,68.03174384702398,-945906.6253999998,56.77395752853197,26.360382429778323,0.058883701972675784,-1.0,218682.19999999998,-48475.899999999994,99.0,100400.0,218682.19999999998,-48475.899999999994
2021-12-05 09:00:00+09:00,1302.797,1327.907,1243.5,1271.101,119456.1694,-176.53557999999998,24.0,56.846326490197455,26.986541489363844,-1.3077000000016596,-29.601941489367164,-1.3077000000016596,175.2278799999997,-46.303499999999985,-46.54076660121768,-66.1758186161301,19.635052014912418,40.15792110134606,63.27594559428383,71.32269528368825,35.26385821897684,78.42128607299229,-694018.5434999999,45.957270721313655,14.147120744682708,-0.0028117522407631323,-1.0,227081.6950664885,-40076.40493351148,99.0,100800.0,227110.1,-40047.99999999997
2021-12-05 21:00:00+09:00,1227.146,1250.98,1219.99,1238.022,20526.2632,-127.05392000000006,36.0,32.85795651251348,28.191910406722627,0.032599999997728446,-28.12671040672717,0.032599999997728446,127.08651999999938,26.1875,-29.437238422452765,-33.86298464467187,4.425746222219104,39.810457223149896,27.225187345821393,20.10943645458609,80.10798474009239,48.635050343237616,-723228.1044,33.47678539052573,14.079655203362467,-0.06654134884931029,-1.0,223795.3533901745,-43362.746609825466,99.0,101200.0,223802.2,-43355.899999999965
2021-12-06 09:00:00+09:00,1175.935,1176.037,1085.283,1110.0,105381.2291,-100.19112000000018,48.0,28.51038558984025,66.34543856608798,21.062399999998433,-24.22063856609111,21.062399999998433,121.25351999999975,43.35100000000011,-39.045122328443995,-39.4835180924838,0.43839576403980374,31.208918402696167,72.96321129914635,82.55306170967911,0.0,66.66666666666667,-915429.8615999997,37.36187821622637,22.64151928304481,-0.0023406007541937335,-1.0,211117.95158978895,-56040.148410211026,98.0,101600.0,211000.0,-56158.09999999998
2021-12-06 21:00:00+09:00,1077.751,1184.999,1073.43,1147.974,219012.6447,-113.49043999999981,60.0,48.01914199299587,27.340698239303038,-49.181100000001834,-125.70289823930659,-49.181100000001834,64.30933999999979,-21.766000000000076,-35.1320165302991,-39.60072535814156,4.4687088278424625,51.0845468009147,50.19372659805661,31.692029330099814,100.0,79.7530666123916,-731147.9202999996,44.3308890041708,38.26089911965239,-0.0018414052627535593,-1.0,214864.64951201476,-52293.45048798522,98.0,102000.0,214797.4,-52360.69999999998
2021-12-07 19:00:00+09:00,1219.016,1258.092,1218.902,1240.538,75631.8287,56.30767999999989,12.0,73.36524164034057,9.09175355599632,-22.777800000001662,-54.64735355599964,-22.777800000001662,-79.08548000000042,-31.113000000000056,18.323694704023183,12.465779872886376,5.8579148311368066,65.03948571346503,81.58054286861908,81.39770974830854,100.00000000000001,93.40613830504635,-802463.8371999997,29.9613181613129,15.93477677799899,0.034980027304444605,1.0,223965.20703111376,-43192.89296888621,98.0,101600.0,224053.8,-43104.29999999999
2021-12-08 07:00:00+09:00,1278.259,1278.259,1246.626,1249.99,19975.7822,89.90039999999976,24.0,55.66395772448853,38.54566451800656,9.348099999997885,-19.84946451801079,9.348099999997885,-80.55230000000051,-4.94600000000014,24.639716876235525,27.683544571925523,-3.0438276956899983,53.08527500768655,28.132761926046868,39.94337123683338,0.0,12.373141238953176,-643909.5344999997,32.44798520196035,14.598782259004357,-0.015822579072262144,1.0,224897.54117715207,-42260.5588228479,98.0,101200.0,224999.0,-42159.09999999998
2021-12-08 19:00:00+09:00,1271.373,1296.499,1217.199,1230.87,60521.632,63.35092000000009,36.0,44.338104260068576,75.0249106910644,21.62279999999805,-31.779310691068304,21.62279999999805,-41.728120000000445,13.189499999999953,10.560415845041916,14.694909188208038,-4.134493343166122,45.51352574248082,45.138832375439144,67.9379133235374,0.0,31.144440228745072,-666041.7508999996,35.499293104422,26.701055345533177,0.04937662331644288,1.0,223005.44845056452,-44152.65154943545,99.0,100800.0,223087.0,-44071.09999999998
2021-12-09 07:00:00+09:00,1288.54,1290.182,1272.646,1274.557,7504.0512,35.64856000000009,48.0,44.88603627480353,20.89507570570572,6.998999999998659,-6.897075705708403,6.998999999998659,-28.649560000000065,-18.5775000000001,10.43589734481111,10.959366655922866,-0.5234693111117554,51.555088389107596,43.44899265388786,55.22725786161797,0.0,56.79182819142951,-505385.90319999965,26.45122732868208,6.948037852853495,-0.027304359460651018,1.0,227342.85973401432,-39815.24026598566,99.0,100400.0,227455.7,-39702.399999999965
